{
  "marketLabel": [{
      "name": "债券代码",
      "prop": "symbol"
    }, {
      "name": "债券类型",
      "prop": "bondType"
    }, {
      "name": "面值",
      "prop": "faceValue"
    }, {
      "name": "票面利率",
      "prop": "rate"
    }, {
      "name": "全价",
      "prop": "fullPrice"
    }, {
      "name": "付息方式",
      "prop": "interestPayment"
    }, {
      "name": "计息方式",
      "prop": "calMethod"
    }, {
      "name": "付息日",
      "prop": "paymentDate"
    }, {
      "name": "到期日",
      "prop": "dateEnd"
    }, {
      "name": "发行量",
      "prop": "scale"
    }, {
      "name": "剩余年限",
      "prop": "residualLife"
    }, {
      "name": "完整周期",
      "prop": "totalLife"
    }, {
      "name": "到期收益率",
      "prop": "YTM"
    }, {
      "name": "修正久期",
      "prop": "modifiedDuration"
    }, {
      "name": "凸性",
      "prop": "convexity"
  }]
}