{
  "tableData": [{
    "BOND_CODE": "0001",
    "BOND_ABBR": "17广汇03",
    "BOND_FULL": "广汇能源股份有限公司2017年公开发行公司债券（第三期）",
    "TERM_YEAR": "5.00",
    "INTEREST_TYPE": "固定利息",
    "PAY_TYPE": "按年付息",
    "ISSUE_VALUE": "4.8000",
    "LISTING_DATE": "2017-11-08",
    "END_DATE": "2022-10-12"
    }, {
    "BOND_CODE": "0001",
    "BOND_ABBR": "17广汇031",
    "BOND_FULL": "广汇能源股份有限公司2017年公开发行公司债券（第三期）",
    "TERM_YEAR": "5.00",
    "INTEREST_TYPE": "固定利息",
    "PAY_TYPE": "按年付息",
    "ISSUE_VALUE": "4.8000",
    "LISTING_DATE": "2017-11-08",
    "END_DATE": "2022-10-12"
    }, {
    "BOND_CODE": "0003",
    "BOND_ABBR": "17广汇03",
    "BOND_FULL": "广汇能源股份有限公司2017年公开发行公司债券（第三期）",
    "TERM_YEAR": "5.00",
    "INTEREST_TYPE": "固定利息",
    "PAY_TYPE": "按年付息",
    "ISSUE_VALUE": "4.8000",
    "LISTING_DATE": "2017-11-08",
    "END_DATE": "2022-10-12"
    }, {
    "BOND_CODE": "0004",
    "BOND_ABBR": "17广汇03",
    "BOND_FULL": "广汇能源股份有限公司2017年公开发行公司债券（第三期）",
    "TERM_YEAR": "5.00",
    "INTEREST_TYPE": "固定利息",
    "PAY_TYPE": "按年付息",
    "ISSUE_VALUE": "4.8000",
    "LISTING_DATE": "2017-11-08",
    "END_DATE": "2022-10-12"
    }, {
    "BOND_CODE": "0005",
    "BOND_ABBR": "17广汇03",
    "BOND_FULL": "广汇能源股份有限公司2017年公开发行公司债券（第三期）",
    "TERM_YEAR": "5.00",
    "INTEREST_TYPE": "固定利息",
    "PAY_TYPE": "按年付息",
    "ISSUE_VALUE": "4.8000",
    "LISTING_DATE": "2017-11-08",
    "END_DATE": "2022-10-12"
    }, {
    "BOND_CODE": "0006",
    "BOND_ABBR": "17广汇03",
    "BOND_FULL": "广汇能源股份有限公司2017年公开发行公司债券（第三期）",
    "TERM_YEAR": "5.00",
    "INTEREST_TYPE": "固定利息",
    "PAY_TYPE": "按年付息",
    "ISSUE_VALUE": "4.8000",
    "LISTING_DATE": "2017-11-08",
    "END_DATE": "2022-10-12"
  }]
}